<?xml version="1.0" encoding="utf-8"?>
<edmx:Edmx Version="1.0"
    xmlns:edmx="http://schemas.microsoft.com/ado/2007/06/edmx"
    xmlns:m="http://schemas.microsoft.com/ado/2007/08/dataservices/metadata"
    xmlns:sap="http://www.sap.com/Protocols/SAPData">
    <edmx:DataServices m:DataServiceVersion="2.0">
        <Schema Namespace="ZBC_TRAVEL_SRV" xml:lang="en" sap:schema-version="0000"
            xmlns="http://schemas.microsoft.com/ado/2008/09/edm">
            <EntityType Name="Flight" sap:content-version="1">
                <Key>
                    <PropertyRef Name="Carrid"/>
                    <PropertyRef Name="Connid"/>
                    <PropertyRef Name="Fldate"/>
                </Key>
                <Property Name="Carrid" Type="Edm.String" Nullable="false" MaxLength="3" sap:label="Airline" sap:creatable="false" sap:updatable="false" sap:sortable="false"/>
                <Property Name="Connid" Type="Edm.String" Nullable="false" MaxLength="4" sap:label="Flight Number" sap:creatable="false" sap:updatable="false" sap:sortable="false"/>
                <Property Name="Fldate" Type="Edm.DateTime" Nullable="false" Precision="0" sap:label="Date" sap:creatable="false" sap:updatable="false" sap:sortable="false"/>
                <Property Name="Seatsmax" Type="Edm.Int32" Nullable="false" sap:label="Max. capacity econ." sap:creatable="false" sap:updatable="false" sap:sortable="false"/>
                <Property Name="Seatsocc" Type="Edm.Int32" Nullable="false" sap:label="Occupied econ." sap:creatable="false" sap:updatable="false" sap:sortable="false"/>
                <NavigationProperty Name="Connection" Relationship="ZBC_TRAVEL_SRV.Connection_Flights" FromRole="ToRole_Connection_Flights" ToRole="FromRole_Connection_Flights"/>
                <NavigationProperty Name="Bookings" Relationship="ZBC_TRAVEL_SRV.Flight_Bookings" FromRole="FromRole_Flight_Bookings" ToRole="ToRole_Flight_Bookings"/>
                <NavigationProperty Name="Carrier" Relationship="ZBC_TRAVEL_SRV.Carrier_Flights" FromRole="ToRole_Carrier_Flights" ToRole="FromRole_Carrier_Flights"/>
            </EntityType>
            <EntityType Name="Carrier" sap:content-version="1">
                <Key>
                    <PropertyRef Name="Carrid"/>
                </Key>
                <Property Name="Carrid" Type="Edm.String" Nullable="false" MaxLength="3" sap:label="Airline" sap:creatable="false" sap:updatable="false" sap:sortable="false"/>
                <Property Name="Carrname" Type="Edm.String" Nullable="false" MaxLength="20" sap:label="Airline" sap:creatable="false" sap:updatable="false" sap:sortable="false"/>
                <Property Name="Currcode" Type="Edm.String" Nullable="false" MaxLength="5" sap:label="Airline Currency" sap:creatable="false" sap:updatable="false" sap:sortable="false" sap:semantics="currency-code"/>
                <Property Name="Url" Type="Edm.String" Nullable="false" MaxLength="255" sap:label="URL" sap:creatable="false" sap:updatable="false" sap:sortable="false"/>
                <NavigationProperty Name="Connections" Relationship="ZBC_TRAVEL_SRV.Carrier_Connections" FromRole="FromRole_Carrier_Connections" ToRole="ToRole_Carrier_Connections"/>
                <NavigationProperty Name="Flights" Relationship="ZBC_TRAVEL_SRV.Carrier_Flights" FromRole="FromRole_Carrier_Flights" ToRole="ToRole_Carrier_Flights"/>
                <NavigationProperty Name="Bookings" Relationship="ZBC_TRAVEL_SRV.Carrier_Bookings" FromRole="FromRole_Carrier_Bookings" ToRole="ToRole_Carrier_Bookings"/>
            </EntityType>
            <EntityType Name="Booking" sap:content-version="1">
                <Key>
                    <PropertyRef Name="Carrid"/>
                    <PropertyRef Name="Connid"/>
                    <PropertyRef Name="Fldate"/>
                    <PropertyRef Name="Bookid"/>
                </Key>
                <Property Name="Carrid" Type="Edm.String" Nullable="false" MaxLength="3" sap:label="Airline" sap:updatable="false" sap:sortable="false"/>
                <Property Name="Reserved" Type="Edm.String" MaxLength="1" sap:label="Reserved" sap:updatable="false" sap:sortable="false"/>
                <Property Name="Connid" Type="Edm.String" Nullable="false" MaxLength="4" sap:label="Flight Number" sap:updatable="false" sap:sortable="false"/>
                <Property Name="Fldate" Type="Edm.DateTime" Nullable="false" Precision="0" sap:label="Date" sap:updatable="false" sap:sortable="false"/>
                <Property Name="Bookid" Type="Edm.String" Nullable="false" MaxLength="8" sap:label="Booking number" sap:updatable="false" sap:sortable="false"/>
                <Property Name="Customid" Type="Edm.String" Nullable="false" MaxLength="8" sap:label="Customer Number" sap:updatable="false" sap:sortable="false"/>
                <Property Name="Class" Type="Edm.String" Nullable="false" MaxLength="1" sap:label="Class" sap:updatable="false" sap:sortable="false"/>
                <Property Name="OrderDate" Type="Edm.DateTime" Nullable="false" Precision="0" sap:label="Booking date" sap:creatable="false" sap:updatable="false" sap:sortable="false"/>
                <Property Name="Cancelled" Type="Edm.String" Nullable="false" MaxLength="1" sap:label="Cancelation flag" sap:creatable="false" sap:updatable="false" sap:sortable="false"/>
                <Property Name="Passname" Type="Edm.String" Nullable="false" MaxLength="25" sap:label="Passenger Name" sap:updatable="false" sap:sortable="false"/>
                <Property Name="Counter" Type="Edm.String" Nullable="false" MaxLength="8" sap:label="Sales office" sap:updatable="false" sap:sortable="false"/>
                <NavigationProperty Name="Flight" Relationship="ZBC_TRAVEL_SRV.Flight_Bookings" FromRole="ToRole_Flight_Bookings" ToRole="FromRole_Flight_Bookings"/>
                <NavigationProperty Name="Connection" Relationship="ZBC_TRAVEL_SRV.Connection_Bookings" FromRole="ToRole_Connection_Bookings" ToRole="FromRole_Connection_Bookings"/>
                <NavigationProperty Name="Carrier" Relationship="ZBC_TRAVEL_SRV.Carrier_Bookings" FromRole="ToRole_Carrier_Bookings" ToRole="FromRole_Carrier_Bookings"/>
            </EntityType>
            <EntityType Name="Connection" sap:content-version="1">
                <Key>
                    <PropertyRef Name="Carrid"/>
                    <PropertyRef Name="Connid"/>
                </Key>
                <Property Name="Carrid" Type="Edm.String" Nullable="false" MaxLength="3" sap:label="Airline" sap:creatable="false" sap:updatable="false" sap:sortable="false"/>
                <Property Name="Connid" Type="Edm.String" Nullable="false" MaxLength="4" sap:label="Flight Number" sap:creatable="false" sap:updatable="false" sap:sortable="false"/>
                <Property Name="Cityfrom" Type="Edm.String" Nullable="false" MaxLength="20" sap:label="Depart.city" sap:creatable="false" sap:updatable="false" sap:sortable="false"/>
                <Property Name="Airpfrom" Type="Edm.String" Nullable="false" MaxLength="3" sap:label="Dep. airport" sap:creatable="false" sap:updatable="false" sap:sortable="false"/>
                <Property Name="Cityto" Type="Edm.String" Nullable="false" MaxLength="20" sap:label="Arrival city" sap:creatable="false" sap:updatable="false" sap:sortable="false"/>
                <Property Name="Airpto" Type="Edm.String" Nullable="false" MaxLength="3" sap:label="Dest. airport" sap:creatable="false" sap:updatable="false" sap:sortable="false"/>
                <Property Name="Deptime" Type="Edm.Time" Nullable="false" Precision="0" sap:label="Departure" sap:creatable="false" sap:updatable="false" sap:sortable="false"/>
                <Property Name="Arrtime" Type="Edm.Time" Nullable="false" Precision="0" sap:label="Arrival Time" sap:creatable="false" sap:updatable="false" sap:sortable="false"/>
                <NavigationProperty Name="Bookings" Relationship="ZBC_TRAVEL_SRV.Connection_Bookings" FromRole="FromRole_Connection_Bookings" ToRole="ToRole_Connection_Bookings"/>
                <NavigationProperty Name="Flights" Relationship="ZBC_TRAVEL_SRV.Connection_Flights" FromRole="FromRole_Connection_Flights" ToRole="ToRole_Connection_Flights"/>
                <NavigationProperty Name="Carrier" Relationship="ZBC_TRAVEL_SRV.Carrier_Connections" FromRole="ToRole_Carrier_Connections" ToRole="FromRole_Carrier_Connections"/>
            </EntityType>
            <Association Name="Carrier_Connections" sap:content-version="1">
                <End Type="ZBC_TRAVEL_SRV.Carrier" Multiplicity="1" Role="FromRole_Carrier_Connections"/>
                <End Type="ZBC_TRAVEL_SRV.Connection" Multiplicity="*" Role="ToRole_Carrier_Connections"/>
                <ReferentialConstraint>
                    <Principal Role="FromRole_Carrier_Connections">
                        <PropertyRef Name="Carrid"/>
                    </Principal>
                    <Dependent Role="ToRole_Carrier_Connections">
                        <PropertyRef Name="Carrid"/>
                    </Dependent>
                </ReferentialConstraint>
            </Association>
            <Association Name="Carrier_Flights" sap:content-version="1">
                <End Type="ZBC_TRAVEL_SRV.Carrier" Multiplicity="1" Role="FromRole_Carrier_Flights"/>
                <End Type="ZBC_TRAVEL_SRV.Flight" Multiplicity="*" Role="ToRole_Carrier_Flights"/>
                <ReferentialConstraint>
                    <Principal Role="FromRole_Carrier_Flights">
                        <PropertyRef Name="Carrid"/>
                    </Principal>
                    <Dependent Role="ToRole_Carrier_Flights">
                        <PropertyRef Name="Carrid"/>
                    </Dependent>
                </ReferentialConstraint>
            </Association>
            <Association Name="Carrier_Bookings" sap:content-version="1">
                <End Type="ZBC_TRAVEL_SRV.Carrier" Multiplicity="1" Role="FromRole_Carrier_Bookings"/>
                <End Type="ZBC_TRAVEL_SRV.Booking" Multiplicity="*" Role="ToRole_Carrier_Bookings"/>
                <ReferentialConstraint>
                    <Principal Role="FromRole_Carrier_Bookings">
                        <PropertyRef Name="Carrid"/>
                    </Principal>
                    <Dependent Role="ToRole_Carrier_Bookings">
                        <PropertyRef Name="Carrid"/>
                    </Dependent>
                </ReferentialConstraint>
            </Association>
            <Association Name="Connection_Flights" sap:content-version="1">
                <End Type="ZBC_TRAVEL_SRV.Connection" Multiplicity="1" Role="FromRole_Connection_Flights"/>
                <End Type="ZBC_TRAVEL_SRV.Flight" Multiplicity="*" Role="ToRole_Connection_Flights"/>
                <ReferentialConstraint>
                    <Principal Role="FromRole_Connection_Flights">
                        <PropertyRef Name="Connid"/>
                        <PropertyRef Name="Carrid"/>
                    </Principal>
                    <Dependent Role="ToRole_Connection_Flights">
                        <PropertyRef Name="Connid"/>
                        <PropertyRef Name="Carrid"/>
                    </Dependent>
                </ReferentialConstraint>
            </Association>
            <Association Name="Connection_Bookings" sap:content-version="1">
                <End Type="ZBC_TRAVEL_SRV.Connection" Multiplicity="1" Role="FromRole_Connection_Bookings"/>
                <End Type="ZBC_TRAVEL_SRV.Booking" Multiplicity="*" Role="ToRole_Connection_Bookings"/>
                <ReferentialConstraint>
                    <Principal Role="FromRole_Connection_Bookings">
                        <PropertyRef Name="Carrid"/>
                        <PropertyRef Name="Connid"/>
                    </Principal>
                    <Dependent Role="ToRole_Connection_Bookings">
                        <PropertyRef Name="Carrid"/>
                        <PropertyRef Name="Connid"/>
                    </Dependent>
                </ReferentialConstraint>
            </Association>
            <Association Name="Flight_Bookings" sap:content-version="1">
                <End Type="ZBC_TRAVEL_SRV.Flight" Multiplicity="1" Role="FromRole_Flight_Bookings"/>
                <End Type="ZBC_TRAVEL_SRV.Booking" Multiplicity="*" Role="ToRole_Flight_Bookings"/>
                <ReferentialConstraint>
                    <Principal Role="FromRole_Flight_Bookings">
                        <PropertyRef Name="Fldate"/>
                        <PropertyRef Name="Connid"/>
                        <PropertyRef Name="Carrid"/>
                    </Principal>
                    <Dependent Role="ToRole_Flight_Bookings">
                        <PropertyRef Name="Fldate"/>
                        <PropertyRef Name="Connid"/>
                        <PropertyRef Name="Carrid"/>
                    </Dependent>
                </ReferentialConstraint>
            </Association>
            <EntityContainer Name="ZBC_TRAVEL_SRV_Entities" m:IsDefaultEntityContainer="true">
                <EntitySet Name="CarrierSet" EntityType="ZBC_TRAVEL_SRV.Carrier" sap:creatable="false" sap:updatable="false" sap:deletable="false" sap:pageable="false" sap:content-version="1"/>
                <EntitySet Name="BookingSet" EntityType="ZBC_TRAVEL_SRV.Booking" sap:updatable="false" sap:deletable="false" sap:pageable="false" sap:content-version="1"/>
                <EntitySet Name="ConnectionSet" EntityType="ZBC_TRAVEL_SRV.Connection" sap:creatable="false" sap:updatable="false" sap:deletable="false" sap:pageable="false" sap:content-version="1"/>
                <EntitySet Name="FlightSet" EntityType="ZBC_TRAVEL_SRV.Flight" sap:creatable="false" sap:updatable="false" sap:deletable="false" sap:pageable="false" sap:content-version="1"/>
                <AssociationSet Name="Carrier_ConnectionsSet" Association="ZBC_TRAVEL_SRV.Carrier_Connections" sap:creatable="false" sap:updatable="false" sap:deletable="false" sap:content-version="1">
                    <End EntitySet="CarrierSet" Role="FromRole_Carrier_Connections"/>
                    <End EntitySet="ConnectionSet" Role="ToRole_Carrier_Connections"/>
                </AssociationSet>
                <AssociationSet Name="Carrier_FlightsSet" Association="ZBC_TRAVEL_SRV.Carrier_Flights" sap:creatable="false" sap:updatable="false" sap:deletable="false" sap:content-version="1">
                    <End EntitySet="CarrierSet" Role="FromRole_Carrier_Flights"/>
                    <End EntitySet="FlightSet" Role="ToRole_Carrier_Flights"/>
                </AssociationSet>
                <AssociationSet Name="Flight_BookingsSet" Association="ZBC_TRAVEL_SRV.Flight_Bookings" sap:creatable="false" sap:updatable="false" sap:deletable="false" sap:content-version="1">
                    <End EntitySet="FlightSet" Role="FromRole_Flight_Bookings"/>
                    <End EntitySet="BookingSet" Role="ToRole_Flight_Bookings"/>
                </AssociationSet>
                <AssociationSet Name="Connection_BookingsSet" Association="ZBC_TRAVEL_SRV.Connection_Bookings" sap:creatable="false" sap:updatable="false" sap:deletable="false" sap:content-version="1">
                    <End EntitySet="ConnectionSet" Role="FromRole_Connection_Bookings"/>
                    <End EntitySet="BookingSet" Role="ToRole_Connection_Bookings"/>
                </AssociationSet>
                <AssociationSet Name="Connection_FlightsSet" Association="ZBC_TRAVEL_SRV.Connection_Flights" sap:creatable="false" sap:updatable="false" sap:deletable="false" sap:content-version="1">
                    <End EntitySet="ConnectionSet" Role="FromRole_Connection_Flights"/>
                    <End EntitySet="FlightSet" Role="ToRole_Connection_Flights"/>
                </AssociationSet>
                <AssociationSet Name="Carrier_BookingsSet" Association="ZBC_TRAVEL_SRV.Carrier_Bookings" sap:creatable="false" sap:updatable="false" sap:deletable="false" sap:content-version="1">
                    <End EntitySet="CarrierSet" Role="FromRole_Carrier_Bookings"/>
                    <End EntitySet="BookingSet" Role="ToRole_Carrier_Bookings"/>
                </AssociationSet>
                <FunctionImport Name="CancelBooking" ReturnType="ZBC_TRAVEL_SRV.Booking" EntitySet="BookingSet" m:HttpMethod="POST" sap:action-for="ZBC_TRAVEL_SRV.Booking">
                    <Parameter Name="Bookid" Type="Edm.String" Mode="In" MaxLength="8"/>
                    <Parameter Name="Carrid" Type="Edm.String" Mode="In" MaxLength="3"/>
                </FunctionImport>
                <FunctionImport Name="ConfirmBooking" ReturnType="ZBC_TRAVEL_SRV.Booking" EntitySet="BookingSet" m:HttpMethod="POST" sap:action-for="ZBC_TRAVEL_SRV.Booking">
                    <Parameter Name="Carrid" Type="Edm.String" Mode="In" MaxLength="3"/>
                    <Parameter Name="Bookid" Type="Edm.String" Mode="In" MaxLength="8"/>
                </FunctionImport>
            </EntityContainer>
            <atom:link rel="self" href="./sap/ZBC_TRAVEL_SRV/$metadata"
                xmlns:atom="http://www.w3.org/2005/Atom"/>
                <atom:link rel="latest-version" href="./sap/ZBC_TRAVEL_SRV/$metadata"
                    xmlns:atom="http://www.w3.org/2005/Atom"/>
                </Schema>
            </edmx:DataServices>
        </edmx:Edmx>